<?xml version="1.0" encoding="UTF-8"?>
<project-private xmlns="http://www.netbeans.org/ns/project-private/1">
    <editor-bookmarks xmlns="http://www.netbeans.org/ns/editor-bookmarks/2" lastBookmarkId="0"/>
    <open-files xmlns="http://www.netbeans.org/ns/projectui-open-files/2">
        <group>
            <file>file:/C:/Users/msi/Documents/NetBeansProjects/ArtyCamp/src/tn/edu/artycamp/entities/CategorieArticles.java</file>
            <file>file:/C:/Users/msi/Documents/NetBeansProjects/ArtyCamp/src/tn/edu/artycamp/gui/AjouterCategorieController.java</file>
            <file>file:/C:/Users/msi/Documents/NetBeansProjects/ArtyCamp/src/tn/edu/artycamp/gui/FirstWindow.java</file>
            <file>file:/C:/Users/msi/Documents/NetBeansProjects/ArtyCamp/src/tn/edu/artycamp/entities/AvisArticle.java</file>
            <file>file:/C:/Users/msi/Documents/NetBeansProjects/ArtyCamp/src/tn/edu/artycamp/services/IService.java</file>
            <file>file:/C:/Users/msi/Documents/NetBeansProjects/ArtyCamp/src/tn/edu/artycamp/entities/ArticleArtiste.java</file>
            <file>file:/C:/Users/msi/Documents/NetBeansProjects/ArtyCamp/src/tn/edu/artycamp/gui/AjouterCategorie.fxml</file>
            <file>file:/C:/Users/msi/Documents/NetBeansProjects/ArtyCamp/src/tn/edu/artycamp/gui/AjouterArticleController.java</file>
            <file>file:/C:/Users/msi/Documents/NetBeansProjects/ArtyCamp/src/tn/edu/artycamp/tools/DataSource.java</file>
            <file>file:/C:/Users/msi/Documents/NetBeansProjects/ArtyCamp/src/tn/edu/artycamp/services/ServiceAvisArticle.java</file>
            <file>file:/C:/Users/msi/Documents/NetBeansProjects/ArtyCamp/src/tn/edu/artycamp/services/ServiceCategorieArticles.java</file>
            <file>file:/C:/Users/msi/Documents/NetBeansProjects/ArtyCamp/src/tn/edu/artycamp/gui/AjouterArticle.fxml</file>
            <file>file:/C:/Users/msi/Documents/NetBeansProjects/ArtyCamp/src/tn/edu/artycamp/services/ServiceArticleArtiste.java</file>
            <file>file:/C:/Users/msi/Documents/NetBeansProjects/ArtyCamp/src/artycampJDBC/Main.java</file>
        </group>
    </open-files>
</project-private>
